source_id,event_id,source
https://gov.texas.gov/news/post/governor-abbott-amends-renews-fire-weather-conditions-disaster-proclamation-in-september-2026,EID_0428,Governor
https://gov.texas.gov/news/post/governor-abbott-renews-new-world-screwworm-disaster-proclamation-in-september-2026,EID_0429,Governor
https://gov.texas.gov/news/post/governor-abbott-renews-drought-disaster-proclamation-in-august-2026,EID_0430,Governor
https://gov.texas.gov/news/post/governor-abbott-renews-border-security-disaster-proclamation-in-august-2026,EID_0431,Governor
https://gov.texas.gov/news/post/governor-abbott-to-further-amend-renew-severe-storm-disaster-proclamation-in-august-2026,EID_0432,Governor
https://gov.texas.gov/news/post/governor-abbott-amends-renews-flooding-disaster-proclamation-in-august-2026,EID_0433,Governor
https://gov.texas.gov/news/post/governor-abbott-renews-new-world-screwworm-disaster-proclamation-in-august-2026,EID_0434,Governor
https://gov.texas.gov/news/post/governor-abbott-renews-border-security-disaster-proclamation-in-july-2026,EID_0435,Governor
https://gov.texas.gov/news/post/governor-abbott-amends-renews-flooding-disaster-proclamation-in-july-2026,EID_0393,Governor
https://gov.texas.gov/news/post/governor-abbott-issues-severe-storm-disaster-proclamation-in-july-2026,EID_0437,Governor
https://gov.texas.gov/news/post/governor-abbott-amends-renews-fire-weather-conditions-disaster-proclamation-in-july-2026,EID_0438,Governor
https://gov.texas.gov/news/post/governor-abbott-renews-new-world-screwworm-disaster-proclamation-in-july-2026,EID_0439,Governor
https://gov.texas.gov/news/post/governor-abbott-amends-renews-flooding-disaster-proclamation-in-june-2026,EID_0440,Governor
https://gov.texas.gov/news/post/governor-abbott-amends-renews-drought-disaster-proclamation-in-june-2026,EID_0441,Governor
https://gov.texas.gov/news/post/governor-abbott-renews-border-security-disaster-proclamation-in-june-2026,EID_0442,Governor
https://gov.texas.gov/news/post/governor-abbott-issues-severe-storm-disaster-proclamation-in-june-2026,EID_0443,Governor
https://gov.texas.gov/news/post/governor-abbott-amends-renews-fire-weather-conditions-disaster-proclamation-in-june-2026,EID_0444,Governor
https://gov.texas.gov/news/post/governor-abbott-issues-new-world-screwworm-disaster-proclamation-in-june-2026,EID_0445,Governor
https://gov.texas.gov/news/post/governor-abbott-to-further-amend-renew-severe-storm-disaster-proclamation-in-may-2026,EID_0446,Governor
https://gov.texas.gov/news/post/governor-abbott-issues-renews-new-world-screwworm-disaster-proclamation-in-may-2026,EID_0447,Governor
https://gov.texas.gov/news/post/governor-abbott-amends-renews-flooding-disaster-proclamation-in-may-2026,EID_0448,Governor
https://gov.texas.gov/news/post/governor-abbott-amends-renews-drought-disaster-proclamation-in-may-2026,EID_0449,Governor
https://gov.texas.gov/news/post/governor-abbott-amends-renews-fire-weather-conditions-disaster-proclamation-in-may-2026,EID_0450,Governor
https://gov.texas.gov/news/post/governor-abbott-further-amends-renews-severe-storm-disaster-proclamation-in-may-2026,EID_0001,Governor
https://gov.texas.gov/news/post/governor-abbott-amends-renews-severe-storm-disaster-proclamation-in-may-2026,EID_0452,Governor
https://gov.texas.gov/news/post/governor-abbott-issues-severe-storm-disaster-proclamation-in-april-2026,EID_0453,Governor
https://gov.texas.gov/news/post/governor-abbott-renews-border-security-disaster-proclamation-in-april-2026,EID_0454,Governor
https://gov.texas.gov/news/post/governor-abbott-amends-renews-drought-disaster-proclamation-in-april-2026,EID_0455,Governor
https://gov.texas.gov/news/post/governor-abbott-amends-renews-flooding-disaster-proclamation-in-april-2026,EID_0456,Governor
https://gov.texas.gov/news/post/governor-abbott-amends-renews-fire-weather-conditions-disaster-proclamation-in-april-2026,EID_0457,Governor
https://gov.texas.gov/news/post/governor-abbott-amends-renews-drought-disaster-proclamation-in-march-2026,EID_0458,Governor
https://gov.texas.gov/news/post/governor-abbott-amends-renews-flooding-disaster-proclamation-in-march-2026,EID_0459,Governor
https://gov.texas.gov/news/post/governor-abbott-renews-border-security-disaster-proclamation-in-march-2026,EID_0460,Governor
https://gov.texas.gov/news/post/governor-abbott-amends-renews-fire-weather-conditions-disaster-proclamation-in-march-2026,EID_0003,Governor
https://gov.texas.gov/news/post/governor-abbott-amends-renews-drought-disaster-proclamation-in-february-2026,EID_0462,Governor
https://gov.texas.gov/news/post/governor-abbott-renews-border-security-disaster-proclamation-in-february-2026,EID_0463,Governor
https://gov.texas.gov/news/post/governor-abbott-amends-renews-flooding-disaster-proclamation-in-february-2026,EID_0464,Governor
https://gov.texas.gov/news/post/governor-abbott-amends-renews-fire-weather-conditions-disaster-proclamation-in-february-2026,EID_0465,Governor
https://gov.texas.gov/news/post/governor-abbott-amends-renews-drought-disaster-proclamation-in-january-2026,EID_0466,Governor
https://gov.texas.gov/news/post/governor-abbott-renews-border-security-disaster-proclamation-in-january-2026,EID_0467,Governor
https://gov.texas.gov/news/post/governor-abbott-amends-renews-flooding-disaster-proclamation-in-january-2026,EID_0468,Governor
https://gov.texas.gov/news/post/governor-abbott-adds-counties-to-texas-disaster-declaration-for-winter-storm,EID_0469,Governor
https://gov.texas.gov/news/post/governor-abbott-amends-renews-fire-weather-conditions-disaster-proclamation-in-january-2026,EID_0470,Governor
https://gov.texas.gov/news/post/governor-abbott-renews-border-security-disaster-proclamation-in-december-2025,EID_0471,Governor
https://gov.texas.gov/news/post/governor-abbott-amends-renews-drought-disaster-proclamation-in-december-2025,EID_0472,Governor
https://gov.texas.gov/news/post/governor-abbott-amends-renews-flooding-disaster-proclamation-in-december-2025,EID_0473,Governor
https://gov.texas.gov/news/post/governor-abbott-amends-renews-fire-weather-conditions-disaster-proclamation-in-december-2025,EID_0474,Governor
https://gov.texas.gov/news/post/governor-abbott-amends-renews-drought-disaster-proclamation-in-november-2025,EID_0475,Governor
https://gov.texas.gov/news/post/governor-abbott-amends-renews-flooding-disaster-proclamation-in-november-2025,EID_0476,Governor
https://gov.texas.gov/news/post/governor-abbott-renews-border-security-disaster-proclamation-in-november-2025,EID_0477,Governor
https://gov.texas.gov/news/post/governor-abbott-amends-renews-fire-weather-conditions-disaster-proclamation-in-november-2025,EID_0478,Governor
https://gov.texas.gov/news/post/governor-abbott-amends-renews-drought-disaster-proclamation-in-october-2025,EID_0479,Governor
https://gov.texas.gov/news/post/governor-abbott-renews-border-security-disaster-proclamation-in-october-2025,EID_0480,Governor
https://gov.texas.gov/news/post/governor-abbott-amends-renews-flooding-disaster-proclamation-in-october-2025,EID_0481,Governor
https://gov.texas.gov/news/post/governor-abbott-amends-renews-drought-disaster-proclamation-in-september-2025,EID_0482,Governor
https://gov.texas.gov/news/post/governor-abbott-renews-border-security-disaster-proclamation-in-september-2025,EID_0483,Governor
https://gov.texas.gov/news/post/governor-abbott-amends-renews-flooding-disaster-proclamation-in-september-2025,EID_0484,Governor
https://gov.texas.gov/news/post/governor-abbott-renews-border-security-disaster-proclamation-in-august-2025,EID_0485,Governor
https://gov.texas.gov/news/post/governor-abbott-amends-renews-flooding-disaster-proclamation-in-august-2025,EID_0486,Governor
https://gov.texas.gov/news/post/governor-abbott-amends-renews-flooding-disaster-proclamation-in-july-2025,EID_0004,Governor
https://gov.texas.gov/news/post/governor-abbott-renews-border-security-disaster-proclamation-in-july-2025,EID_0488,Governor
https://gov.texas.gov/news/post/governor-abbott-amends-renews-drought-disaster-proclamation-in-july-2025,EID_0489,Governor
https://gov.texas.gov/news/post/governor-abbott-amends-renews-drought-disaster-proclamation-in-june-2025,EID_0490,Governor
https://gov.texas.gov/news/post/governor-abbott-renews-border-security-disaster-proclamation-in-june-2025,EID_0491,Governor
https://gov.texas.gov/news/post/governor-abbott-renews-severe-storm-and-flooding-disaster-proclamation-in-may-2025,EID_0492,Governor
https://gov.texas.gov/news/post/governor-abbott-renews-border-security-disaster-proclamation-in-may-2025,EID_0493,Governor
https://gov.texas.gov/news/post/governor-abbott-renews-severe-storm-and-flooding-disaster-proclamation-in-april-2025,EID_0494,Governor
https://gov.texas.gov/news/post/governor-abbott-renews-border-security-disaster-proclamation-in-april-2025,EID_0495,Governor
https://gov.texas.gov/news/post/governor-abbott-amends-renews-drought-disaster-proclamation-in-april-2025,EID_0496,Governor
https://gov.texas.gov/news/post/governor-abbott-issues-severe-storm-and-flooding-disaster-declaration-in-march-2025,EID_0497,Governor
https://gov.texas.gov/news/post/governor-abbott-renews-border-security-disaster-proclamation-in-march-2025,EID_0498,Governor
https://gov.texas.gov/news/post/governor-abbott-amends-renews-drought-disaster-proclamation-in-march-2025,EID_0499,Governor
https://gov.texas.gov/news/post/governor-abbott-amends-renews-wildfire-disaster-proclamation-in-march-2025,EID_0005,Governor
https://gov.texas.gov/news/post/governor-abbott-renews-border-security-disaster-proclamation-in-february-2025,EID_0501,Governor
https://gov.texas.gov/news/post/governor-abbott-amends-renews-drought-disaster-proclamation-in-february-2025,EID_0502,Governor
https://gov.texas.gov/news/post/governor-abbott-renews-wildfire-disaster-proclamation-in-february-2025,EID_0503,Governor
https://gov.texas.gov/news/post/governor-abbott-amends-renews-drought-disaster-proclamation-in-january-2025,EID_0002,Governor
https://gov.texas.gov/news/post/governor-abbott-renews-border-security-disaster-proclamation-in-january-2025,EID_0505,Governor
https://gov.texas.gov/news/post/governor-abbott-renews-wildfire-disaster-proclamation-in-january-2025,EID_0506,Governor
https://gov.texas.gov/news/post/governor-abbott-amends-renews-drought-disaster-proclamation-in-december-2024,EID_0507,Governor
https://gov.texas.gov/news/post/governor-abbott-renews-border-security-disaster-proclamation-in-december-2024,EID_0508,Governor
https://gov.texas.gov/news/post/governor-abbott-further-renews-hurricane-beryl-disaster-proclamation-in-december-2024,EID_0509,Governor
https://gov.texas.gov/news/post/governor-abbott-renews-wildfire-disaster-proclamation-in-december-2024,EID_0510,Governor
https://gov.texas.gov/news/post/governor-abbott-renews-hurricane-beryl-disaster-proclamation-in-december-2024,EID_0511,Governor
https://gov.texas.gov/news/post/governor-abbott-amends-renews-drought-disaster-proclamation-in-november-2024,EID_0512,Governor
https://gov.texas.gov/news/post/governor-abbott-renews-border-security-disaster-proclamation-in-november-2024-,EID_0513,Governor
https://gov.texas.gov/news/post/governor-abbott-renews-wildfire-disaster-proclamation-in-november-2024,EID_0514,Governor
https://gov.texas.gov/news/post/governor-abbott-renews-hurricane-beryl-disaster-proclamation-in-november-2024,EID_0515,Governor
https://gov.texas.gov/news/post/governor-abbott-renews-border-security-disaster-proclamation-in-october-2024,EID_0516,Governor
https://gov.texas.gov/news/post/governor-abbott-amends-renews-drought-disaster-proclamation-in-october-2024,EID_0517,Governor
https://gov.texas.gov/news/post/governor-abbott-renews-severe-weather-disaster-proclamation-in-october-2024,EID_0518,Governor
https://gov.texas.gov/news/post/governor-abbott-issues-water-supply-disaster-proclamation-for-webb-county-in-october-2024,EID_0519,Governor
https://gov.texas.gov/news/post/governor-abbott-issues-wildfire-disaster-proclamation-in-october-2024,EID_0520,Governor
https://gov.texas.gov/news/post/governor-abbott-renews-hurricane-beryl-disaster-proclamation-in-october-2024,EID_0521,Governor
https://gov.texas.gov/news/post/governor-abbott-amends-renews-drought-disaster-proclamation-in-september-2024,EID_0522,Governor
https://gov.texas.gov/news/post/governor-abbott-renews-border-security-disaster-proclamation-in-september-2024,EID_0523,Governor
https://gov.texas.gov/news/post/governor-abbott-renews-severe-weather-disaster-proclamation-in-september-2024,EID_0524,Governor
https://gov.texas.gov/news/post/governor-abbott-renews-border-security-disaster-proclamation-in-august-2024,EID_0525,Governor
https://gov.texas.gov/news/post/governor-abbott-amends-renews-drought-disaster-proclamation-in-august-2024,EID_0526,Governor
https://gov.texas.gov/news/post/governor-abbott-renews-severe-weather-disaster-proclamation-in-august-2024,EID_0527,Governor
https://gov.texas.gov/news/post/governor-abbott-renews-hurricane-beryl-disaster-proclamation-in-august-2024,EID_0528,Governor
https://gov.texas.gov/news/post/governor-abbott-renews-severe-weather-disaster-proclamation-in-july-2024,EID_0529,Governor
https://gov.texas.gov/news/post/governor-abbott-renews-border-security-disaster-proclamation-in-july-2024,EID_0530,Governor
https://gov.texas.gov/news/post/governor-abbott-amends-renews-drought-disaster-proclamation-in-july-2024,EID_0531,Governor
https://gov.texas.gov/news/post/acting-governor-dan-patrick-further-amends-hurricane-beryl-disaster-proclamation-in-july-2024,EID_0006,Governor
https://gov.texas.gov/news/post/acting-governor-dan-patrick-amends-hurricane-beryl-disaster-proclamation,EID_0006,Governor
https://gov.texas.gov/news/post/acting-governor-dan-patrick-issues-hurricane-beryl-disaster-proclamation,EID_0534,Governor
https://gov.texas.gov/news/post/governor-abbott-renews-border-security-disaster-proclamation-in-june-2024,EID_0535,Governor
https://gov.texas.gov/news/post/governor-abbott-further-amends-severe-weather-disaster-proclamation-in-june-2024,EID_0536,Governor
https://gov.texas.gov/news/post/governor-abbott-amends-renews-drought-disaster-proclamation-in-june-2024,EID_0537,Governor
https://gov.texas.gov/news/post/governor-abbott-amends-renews-wildfire-disaster-proclamation-in-june-2024,EID_0538,Governor
https://gov.texas.gov/news/post/governor-abbott-issues-severe-weather-disaster-declaration-for-tropical-storm-alberto,EID_0539,Governor
https://gov.texas.gov/news/post/governor-abbott-renews-drought-disaster-declaration-in-june-2024,EID_0540,Governor
https://gov.texas.gov/news/post/governor-abbott-renews-border-security-disaster-declaration-in-june-2024,EID_0541,Governor
https://gov.texas.gov/news/post/governor-abbott-amends-severe-weather-disaster-declaration-in-june-2024,EID_0542,Governor
https://gov.texas.gov/news/post/governor-abbott-amends-severe-weather-disaster-proclamation-in-june-2024,EID_0543,Governor
https://gov.texas.gov/news/post/governor-abbott-adds-counties-to-severe-weather-disaster-proclamation-in-may-2024,EID_0544,Governor
https://gov.texas.gov/news/post/governor-abbott-amends-renews-wildfire-disaster-proclamation-in-may-2024,EID_0545,Governor
https://gov.texas.gov/news/post/governor-abbott-adds-counties-to-severe-weather-disaster-declaration-in-may-2024,EID_0007,Governor
https://gov.texas.gov/news/post/governor-abbott-further-amends-severe-weather-disaster-declaration-in-may-2024,EID_0007,Governor
https://gov.texas.gov/news/post/governor-abbott-renews-drought-disaster-declaration-in-may-2024,EID_0548,Governor
https://gov.texas.gov/news/post/governor-abbott-renews-border-security-disaster-declaration-in-may-2024,EID_0549,Governor
https://gov.texas.gov/news/post/governor-abbott-further-amends-severe-weather-disaster-proclamation-in-may-2024--,EID_0007,Governor
https://gov.texas.gov/news/post/governor-abbott-further-amends-severe-weather-disaster-proclamation-in-may-2024,EID_0007,Governor
https://gov.texas.gov/news/post/governor-abbott-amends-severe-weather-disaster-proclamation-in-may-2024,EID_0007,Governor
https://gov.texas.gov/news/post/governor-abbott-issues-severe-weather-disaster-declaratation-for-east-texas-in-april-2024,EID_0553,Governor
https://gov.texas.gov/news/post/governor-abbott-renews-wildfire-disaster-proclamation-in-april-2024,EID_0554,Governor
https://gov.texas.gov/news/post/governor-abbott-renews-border-security-disaster-declaration-in-april-2024,EID_0555,Governor
https://gov.texas.gov/news/post/governor-abbott-renews-drought-disaster-declaration-in-april-2024,EID_0556,Governor
https://gov.texas.gov/news/post/governor-abbott-issues-severe-weather-disaster-declaratation-in-april-2024,EID_0557,Governor
https://gov.texas.gov/news/post/governor-abbott-renews-wildfire-disaster-declaration-in-march-2024,EID_0008,Governor
https://gov.texas.gov/news/post/governor-abbott-renews-border-security-disaster-declaration-in-march-2024,EID_0559,Governor
https://gov.texas.gov/news/post/governor-abbott-renews-drought-disaster-declaration-in-march-2024,EID_0560,Governor
https://gov.texas.gov/news/post/governor-abbott-issues-wildfire-disaster-declaration-in-february-2024,EID_0561,Governor
https://gov.texas.gov/news/post/governor-abbott-renews-border-security-disaster-declaration-in-january-2024,EID_0562,Governor
https://gov.texas.gov/news/post/governor-abbott-renews-drought-disaster-declaration-in-january-2024,EID_0563,Governor
https://gov.texas.gov/news/post/governor-abbott-renews-drought-disaster-declaration-in-december-2023,EID_0564,Governor
https://gov.texas.gov/news/post/governor-abbott-renews-wildfire-disaster-declaration-in-december-2023,EID_0565,Governor
https://gov.texas.gov/news/post/governor-abbott-renews-border-disaster-declaration-in-december-2023,EID_0566,Governor
https://gov.texas.gov/news/post/governor-abbott-renews-wildfire-disaster-declaration-in-november-2023,EID_0567,Governor
https://gov.texas.gov/news/post/governor-abbott-renews-drought-disaster-declaration-in-november-2023,EID_0568,Governor
https://gov.texas.gov/news/post/governor-abbott-renews-border-disaster-declaration-in-october-2023,EID_0569,Governor
https://gov.texas.gov/news/post/governor-abbott-issues-wildfire-disaster-declaration-in-october-2023,EID_0570,Governor
https://gov.texas.gov/news/post/governor-abbott-issues-wildfire-disaster-declaration-in-september-2023,EID_0571,Governor
https://gov.texas.gov/news/post/governor-abbott-renews-border-disaster-declaration-in-september-2023,EID_0572,Governor
https://gov.texas.gov/news/post/governor-abbott-renews-drought-disaster-declaration-in-september-2023,EID_0573,Governor
https://gov.texas.gov/news/post/governor-abbott-renews-wildfire-disaster-declaration-in-september-2023,EID_0574,Governor
https://gov.texas.gov/news/post/governor-abbott-renews-drought-disaster-declaration-in-august-2023-,EID_0575,Governor
https://gov.texas.gov/news/post/governor-abbott-issues-wildfire-disaster-declaration-in-august-2023-,EID_0576,Governor
https://gov.texas.gov/news/post/governor-abbott-renews-border-security-disaster-declaration-in-august-2023-,EID_0577,Governor
https://gov.texas.gov/news/post/governor-abbott-issues-wildfire-disaster-declaration-in-august-2023,EID_0578,Governor
https://gov.texas.gov/news/post/governor-abbott-renews-drought-disaster-declaration-in-august-2023,EID_0579,Governor
https://gov.texas.gov/news/post/governor-abbott-renews-border-security-disaster-declaration-in-august-2023,EID_0580,Governor
https://gov.texas.gov/news/post/governor-abbott-renews-adds-counties-to-disaster-proclamation-in-june-2023,EID_0581,Governor
https://gov.texas.gov/news/post/governor-abbott-renews-severe-storms-and-flooding-disaster-proclamation-in-june-2023,EID_0582,Governor
https://gov.texas.gov/news/post/governor-abbott-renews-drought-disaster-proclamation-in-june-2023,EID_0583,Governor
https://gov.texas.gov/news/post/governor-abbott-renews-border-security-disaster-declaration-in-july-2023,EID_0584,Governor
https://gov.texas.gov/news/post/governor-abbott-updates-severe-weather-disaster-declaration-in-june-2024,EID_0585,Governor
https://gov.texas.gov/news/post/governor-abbott-updates-severe-weather-disaster-declaration-in-june-2023,EID_0586,Governor
https://gov.texas.gov/news/post/governor-abbott-amends-severe-weather-disaster-declaration-in-june-2023,EID_0587,Governor
https://gov.texas.gov/news/post/governor-abbott-adds-additional-counties-to-severe-weather-disaster-declaration-in-june-2023,EID_0588,Governor
https://gov.texas.gov/news/post/governor-abbott-renews-border-security-disaster-declaration-in-june-2023,EID_0589,Governor
https://gov.texas.gov/news/post/governor-abbott-issues-severe-weather-disaster-declaration-in-june-2023,EID_0590,Governor
https://gov.texas.gov/news/post/governor-abbott-renews-drought-disaster-proclamation-in-may-2023,EID_0591,Governor
https://gov.texas.gov/news/post/governor-abbott-issues-severe-weather-disaster-declaration-in-may-2023,EID_0592,Governor
https://gov.texas.gov/news/post/governor-abbott-renews-covid-19-disaster-declaration-in-may-2023,EID_0593,Governor
https://gov.texas.gov/news/post/governor-abbott-renews-border-security-disaster-declaration-in-may-2023,EID_0594,Governor
https://gov.texas.gov/news/post/governor-abbott-issues-severe-disaster-declaration-for-hidalgo-county,EID_0595,Governor
https://gov.texas.gov/news/post/governor-abbott-renews-drought-disaster-declaration-in-april-2023,EID_0596,Governor
https://gov.texas.gov/news/post/governor-greg-abbott-renews-border-security-disaster-declaration-in-april-2023,EID_0597,Governor
https://gov.texas.gov/news/post/governor-abbott-renews-covid-19-disaster-declaration-in-april-2023,EID_0598,Governor
https://gov.texas.gov/news/post/governor-abbott-renews-drought-disaster-declaration-in-march-2023-,EID_0599,Governor
https://gov.texas.gov/news/post/governor-abbott-renews-border-security-disaster-declaration-in-march-2023,EID_0600,Governor
https://gov.texas.gov/news/post/governor-abbott-renews-covid-19-disaster-declaration-in-march-2023,EID_0601,Governor
https://gov.texas.gov/news/post/governor-abbott-renews-drought-disaster-declaration-in-march-2023,EID_0602,Governor
https://gov.texas.gov/news/post/governor-abbott-renews-border-security-disaster-declaration-in-february-2023,EID_0603,Governor
https://gov.texas.gov/news/post/governor-abbott-renews-winter-weather-disaster-declaration-in-february-2023,EID_0604,Governor
https://gov.texas.gov/news/post/governor-abbott-renews-covid-19-disaster-declaration-in-february-2023,EID_0605,Governor
https://gov.texas.gov/news/post/governor-abbott-renews-drought-disaster-declaration-in-january-2023,EID_0606,Governor
https://gov.texas.gov/news/post/governor-abbott-renews-severe-weather-disaster-declaration-in-january-2023,EID_0607,Governor
https://gov.texas.gov/news/post/governor-abbott-issues-severe-weather-disaster-declaration-in-january-2023,EID_0608,Governor
https://gov.texas.gov/news/post/governor-abbott-renews-border-disaster-declaration-in-january-2023,EID_0609,Governor
https://gov.texas.gov/news/post/governor-abbott-renews-covid-19-disaster-declaration-in-january-2023,EID_0610,Governor
https://gov.texas.gov/news/post/governor-abbott-renews-wildfire-disaster-proclamation-in-january-2023,EID_0611,Governor
https://gov.texas.gov/news/post/governor-abbott-renews-drought-disaster-declaration-in-december-2022,EID_0612,Governor
https://gov.texas.gov/news/post/governor-abbott-renews-border-disaster-proclamation-in-december-2022,EID_0613,Governor
https://gov.texas.gov/news/post/governor-abbott-renews-covid-19-disaster-declaration-in-december-2022,EID_0614,Governor
https://gov.texas.gov/news/post/governor-abbott-renews-disaster-declaration-for-uvalde-county-in-december-2022,EID_0615,Governor
https://gov.texas.gov/news/post/governor-abbott-renews-border-disaster-declaration-in-december-2022,EID_0616,Governor
https://gov.texas.gov/news/post/governor-abbott-renews-wildfire-disaster-declaration-in-december-2022,EID_0617,Governor
https://gov.texas.gov/news/post/governor-abbott-renews-drought-disaster-declaration-in-november-2022,EID_0618,Governor
https://gov.texas.gov/news/post/governor-abbott-renews-disaster-declaration-for-uvalde-county-in-november-2022,EID_0619,Governor
https://gov.texas.gov/news/post/governor-abbott-renews-covid-19-disaster-declaration-in-november-2022,EID_0620,Governor
https://gov.texas.gov/news/post/governor-abbott-renews-border-disaster-declaration-in-november-2022,EID_0621,Governor
https://gov.texas.gov/news/post/governor-abbott-renews-wildfire-disaster-declaration-in-november-2022,EID_0622,Governor
https://gov.texas.gov/news/post/governor-abbott-renews-drought-disaster-declaration-in-october-2022,EID_0623,Governor
https://gov.texas.gov/news/post/governor-abbott-renews-disaster-proclamation-for-uvalde-county-in-october-2022,EID_0624,Governor
https://gov.texas.gov/news/post/governor-abbott-renews-renews-border-security-disaster-declaration-in-october-2022,EID_0625,Governor
https://gov.texas.gov/news/post/governor-abbott-renews-covid-19-disaster-proclamation-in-october-2022,EID_0626,Governor
https://gov.texas.gov/news/post/governor-abbott-renews-wildfire-disaster-proclamation-in-october-2022,EID_0627,Governor
https://gov.texas.gov/news/post/governor-abbott-renews-drought-disaster-proclamation-in-september-2022,EID_0628,Governor
https://gov.texas.gov/news/post/governor-abbott-renews-disaster-proclamation-for-uvalde-county-,EID_0629,Governor
https://gov.texas.gov/news/post/governor-abbott-renews-border-disaster-proclamation-in-september-2022,EID_0630,Governor
https://gov.texas.gov/news/post/governor-abbott-renews-covid-19-disaster-declaration-in-september-2022,EID_0631,Governor
https://gov.texas.gov/news/post/governor-abbott-renews-wildfire-disaster-proclamation-in-september-2022,EID_0632,Governor
https://gov.texas.gov/news/post/governor-abbott-renews-drought-disaster-declaration-in-august-2022,EID_0633,Governor
https://gov.texas.gov/news/post/governor-abbott-renews-disaster-declaration-for-uvalde-country-in-august-2022,EID_0634,Governor
https://gov.texas.gov/news/post/governor-abbott-issues-flooding-disaster-declaration-in-august-2022,EID_0635,Governor
https://gov.texas.gov/news/post/governor-abbott-renews-border-disaster-declaration-in-august-2022,EID_0636,Governor
https://gov.texas.gov/news/post/governor-abbott-renews-covid-19-disaster-declaration-in-august-2022,EID_0637,Governor
https://gov.texas.gov/news/post/governor-abbott-renews-wildfire-disaster-proclamation-in-august-2022,EID_0638,Governor
https://gov.texas.gov/news/post/governor-abbott-renews-drought-disaster-declaration,EID_0639,Governor
https://gov.texas.gov/news/post/governor-abbott-renews-disaster-proclamation-for-uvalde-county,EID_0640,Governor
https://gov.texas.gov/news/post/governor-abbott-renews-disaster-declaration-in-july-2022,EID_0641,Governor
https://gov.texas.gov/news/post/governor-abbott-renews-covid-19-disaster-declaration-in-july-2022,EID_0642,Governor
https://gov.texas.gov/news/post/governor-abbott-renews-border-security-disaster-declaration-in-july-2022,EID_0643,Governor
https://gov.texas.gov/news/post/governor-abbott-renews-wildfire-disaster-declaration-in-july-2022,EID_0644,Governor
https://gov.texas.gov/news/post/governor-abbott-renews-drought-disaster-declaration-in-july-2022,EID_0645,Governor
https://gov.texas.gov/news/post/governor-abbott-issues-drought-disaster-declaration,EID_0646,Governor
https://gov.texas.gov/news/post/governor-abbott-renews-uvalde-disaster-declaration-in-june-2022,EID_0647,Governor
https://gov.texas.gov/news/post/governor-abbott-renews-covid-19-disaster-declaration-in-june-2022,EID_0648,Governor
https://gov.texas.gov/news/post/governor-abbott-renews-border-security-disaster-declaration-in-june-2022,EID_0649,Governor
https://gov.texas.gov/news/post/governor-abbott-renews-wildfire-disaster-declaration-in-june-2022,EID_0650,Governor
https://gov.texas.gov/news/post/governor-abbott-issues-uvalde-shooting-disaster-proclamation-in-may-2022,EID_0651,Governor
https://gov.texas.gov/news/post/governor-abbott-renews-covid-19-disaster-declaration-in-may-2022,EID_0652,Governor
https://gov.texas.gov/news/post/governor-abbott-renews-border-security-disaster-declaration-in-may-2022,EID_0653,Governor
https://gov.texas.gov/news/post/governor-abbott-renews-wildfire-disaster-declaration-in-may-2022,EID_0654,Governor
https://gov.texas.gov/news/post/governor-abbott-renews-covid-19-disaster-declaration-in-april-2022,EID_0655,Governor
https://gov.texas.gov/news/post/governor-abbott-renews-border-security-disaster-declaration-in-april-2022,EID_0656,Governor
https://gov.texas.gov/news/post/governor-abbott-amends-wildfire-disaster-declaration-in-april-2022-2,EID_0657,Governor
https://gov.texas.gov/news/post/governor-abbott-amends-wildfire-disaster-declaration-in-april-2022-1,EID_0658,Governor
https://gov.texas.gov/news/post/governor-abbott-amends-wildfire-disaster-declaration-in-april-2022,EID_0659,Governor
https://gov.texas.gov/news/post/governor-abbott-amends-wildfire-disaster-declaration-in-march-2022-2,EID_0660,Governor
https://gov.texas.gov/news/post/governor-abbott-renews-border-security-disaster-declaration-in-march-2022,EID_0661,Governor
https://gov.texas.gov/news/post/governor-abbott-renews-covid-19-disaster-declaration-in-march-2022,EID_0662,Governor
https://gov.texas.gov/news/post/governor-abbott-issues-severe-weather-disaster-declaration-in-march-2022,EID_0663,Governor
https://gov.texas.gov/news/post/governor-abbott-amends-wildfire-disaster-declaration-in-march-2022,EID_0664,Governor
https://gov.texas.gov/news/post/governor-abbott-issues-wildfire-disaster-declaration-in-march-2022,EID_0665,Governor
https://gov.texas.gov/news/post/governor-abbott-renews-drought-disaster-declaration-in-february-2022,EID_0666,Governor
https://gov.texas.gov/news/post/governor-abbott-renews-covid-19-disaster-declaration-in-february-2022,EID_0667,Governor
https://gov.texas.gov/news/post/governor-abbott-renews-border-security-disaster-declaration-in-february-2022,EID_0668,Governor
https://gov.texas.gov/news/post/governor-abbott-issues-disaster-declaration-in-17-counties-for-winter-weather-response,EID_0669,Governor
https://gov.texas.gov/news/post/governor-abbott-renews-border-security-disaster-declaration-in-january-2022,EID_0670,Governor
https://gov.texas.gov/news/post/governor-abbott-renews-covid-19-disaster-declaration-in-january-2022,EID_0671,Governor
https://gov.texas.gov/news/post/governor-abbott-issues-disaster-declaration-in-response-to-drought-in-texas,EID_0672,Governor
https://gov.texas.gov/news/post/governor-abbott-renews-covid-19-disaster-declaration-in-december-2021,EID_0673,Governor
https://gov.texas.gov/news/post/governor-abbott-renews-border-security-disaster-declaration-in-december-2021,EID_0674,Governor
https://gov.texas.gov/news/post/governor-abbott-renews-border-security-disaster-declaration-in-november-2021,EID_0800,Governor
https://gov.texas.gov/news/post/governor-abbott-renews-covid-19-disaster-declaration-in-november-2021,EID_0676,Governor
https://gov.texas.gov/news/post/governor-abbott-renews-border-security-disaster-declaration-in-october-2021,EID_0677,Governor
https://gov.texas.gov/news/post/governor-abbott-renews-covid-19-disaster-declaration-in-october-2021,EID_0678,Governor
https://gov.texas.gov/news/post/governor-abbott-renews-border-security-disaster-declaration-in-september-2021,EID_0679,Governor
https://gov.texas.gov/news/post/governor-abbott-renews-disaster-declaration-in-september-2021,EID_0680,Governor
https://gov.texas.gov/news/post/governor-abbott-renews-border-security-disaster-declaration-in-august-2021,EID_0681,Governor
https://gov.texas.gov/news/post/governor-abbott-renews-covid-19-disaster-declaration-in-august-2021,EID_0682,Governor
https://gov.texas.gov/news/post/governor-abbott-renews-covid-19-disaster-declaration-for-august-2021,EID_0683,Governor
https://gov.texas.gov/news/post/governor-abbott-renews-border-security-disaster-declaration-in-july-2021,EID_0684,Governor
https://gov.texas.gov/news/post/governor-abbott-renews-covid-19-disaster-declaration-in-july-2021,EID_0685,Governor
https://gov.texas.gov/news/post/governor-abbott-renews-disaster-declaration-concerning-border-security,EID_0686,Governor
https://gov.texas.gov/news/post/governor-abbott-amends-border-crisis-disaster-declaration,EID_0687,Governor
https://gov.texas.gov/news/post/governor-abbott-extends-winter-storm-disaster-declaration-for-june-2021,EID_0688,Governor
https://gov.texas.gov/news/post/governor-abbott-extends-covid-19-disaster-declaration-for-june-2021,EID_0689,Governor
https://gov.texas.gov/news/post/governor-abbott-issues-disaster-declaration-in-response-to-significant-flooding-severe-weather-in-east-texas,EID_0690,Governor
https://gov.texas.gov/news/post/governor-abbott-renews-winter-storm-disaster-declaration-for-may-2021,EID_0691,Governor
https://gov.texas.gov/news/post/governor-abbott-renews-drought-conditions-disaster-declaration-may-2021,EID_0692,Governor
https://gov.texas.gov/news/post/governor-abbott-renews-covid-19-disaster-declaration-for-may-2021,EID_0693,Governor
https://gov.texas.gov/news/post/governor-abbott-renews-hurricane-harvey-disaster-declaration-for-may-2021,EID_0694,Governor
https://gov.texas.gov/news/post/governor-abbott-extends-winter-storm-disaster-declaration-april-2021,EID_0695,Governor
https://gov.texas.gov/news/post/governor-abbott-issues-disaster-declaration-in-response-to-drought-conditions-in-april-2021,EID_0696,Governor
https://gov.texas.gov/news/post/governor-abbott-extends-covid-19-disaster-declaration-april-2021,EID_0697,Governor
https://gov.texas.gov/news/post/governor-abbott-extends-covid-19-disaster-declaration-march-2021,EID_0698,Governor
https://gov.texas.gov/news/post/governor-abbott-issues-disaster-declaration-in-response-to-severe-winter-weather-in-texas,EID_0699,Governor
https://gov.texas.gov/news/post/governor-abbott-extends-covid-19-disaster-declaration-february-2021,EID_0700,Governor
https://gov.texas.gov/news/post/governor-abbott-extends-hurricane-harvey-disaster-proclamation-february-2021,EID_0701,Governor
https://gov.texas.gov/news/post/governor-abbott-issues-disaster-declaration-in-response-to-drought-conditions,EID_0702,Governor
https://gov.texas.gov/news/post/governor-abbott-renews-disaster-declaration-following-threats-and-incidents-of-violence,EID_0703,Governor
https://gov.texas.gov/news/post/governor-abbott-renews-covid-19-disaster-declaration-in-january-2021,EID_0704,Governor
https://gov.texas.gov/news/post/governor-abbott-renews-hurricane-harvey-disaster-declaration-for-january-2021,EID_0705,Governor
https://gov.texas.gov/news/post/governor-abbott-extends-disaster-declaration-in-response-to-drought-conditions-5,EID_0706,Governor
https://gov.texas.gov/news/post/governor-abbott-extends-state-disaster-declaration-for-covid-19-in-december-2020,EID_0707,Governor
https://gov.texas.gov/news/post/governor-greg-abbott-extended-the-state-disaster-declaration-in-december-2020,EID_0708,Governor
https://gov.texas.gov/news/post/governor-abbott-renews-disaster-declaration-for-hurricane-hanna-in-november,EID_0709,Governor
https://gov.texas.gov/news/post/governor-abbott-renews-disaster-declaration-for-hurricane-laura-in-november,EID_0710,Governor
https://gov.texas.gov/news/post/governor-greg-abbott-extended-the-state-disaster-declaration-in-november-2020,EID_0711,Governor
https://gov.texas.gov/news/post/governor-abbott-renews-state-disaster-declaration-for-covid-19-in-november-2020,EID_0712,Governor
https://gov.texas.gov/news/post/governor-abbott-extends-disaster-declaration-in-response-to-drought-conditions,EID_0713,Governor
https://gov.texas.gov/news/post/governor-greg-abbott-renews-disaster-declaration-following-hurricane-hanna-in-october,EID_0714,Governor
https://gov.texas.gov/news/post/governor-abbott-renews-disaster-declaration-for-hurricane-laura-in-october,EID_0715,Governor
https://gov.texas.gov/news/post/governor-abbott-updates-disaster-declaration-for-regions-with-high-covid-19-hospitalizations,EID_0716,Governor
https://gov.texas.gov/news/post/governor-abbott-renews-state-disaster-declaration-for-covid-19,EID_0717,Governor
https://gov.texas.gov/news/post/governor-greg-abbott-renews-the-state-disaster-declaration-for-counties-impacted-by-hurricane-harvey,EID_0718,Governor
https://gov.texas.gov/news/post/governor-abbott-issues-disaster-declaration-in-response-to-drought-conditions-2,EID_0719,Governor
https://gov.texas.gov/news/post/governor-abbott-issues-disaster-declaration-for-brazoria-county-in-response-to-deadly-ameba-found-in-the-lake-jackson-water-supply,EID_0720,Governor
https://gov.texas.gov/news/post/governor-abbott-renews-disaster-declaration-for-hurricane-laura,EID_0721,Governor
https://gov.texas.gov/news/post/governor-abbott-renews-disaster-declaration-for-hurricane-hanna,EID_0722,Governor
https://gov.texas.gov/news/post/governor-greg-abbott-issues-disaster-declaration-in-response-to-tropical-storm-beta,EID_0723,Governor
https://gov.texas.gov/news/post/governor-greg-abbott-extended-the-state-disaster-declaration-in-september-2020,EID_0724,Governor
https://gov.texas.gov/news/post/governor-abbott-extends-statewide-disaster-declaration-for-covid-19-5,EID_0725,Governor
https://gov.texas.gov/news/post/governor-abbott-adds-36-counties-to-state-disaster-declaration,EID_0009,Governor
https://gov.texas.gov/news/post/governor-greg-abbott-renews-disaster-declaration-following-hurricane-hanna,EID_0726,Governor
https://gov.texas.gov/news/post/governor-greg-abbott-issues-disaster-declaration-in-the-wake-of-hurricane-marco-and-tropical-storm-laura,EID_0727,Governor
https://gov.texas.gov/news/post/governor-abbott-issues-disaster-declaration-in-response-to-drought-conditions-in-25-counties,EID_0728,Governor
https://gov.texas.gov/news/post/governor-greg-abbott-extended-the-state-disaster-declaration-in-august-2020,EID_0729,Governor
https://gov.texas.gov/news/post/governor-greg-abbott-renews-covid-19-disaster-declaration-3,EID_0730,Governor
https://gov.texas.gov/news/post/governor-abbott-issues-disaster-declaration-in-response-to-drought-conditions-in-25-texas-counties,EID_0731,Governor
https://gov.texas.gov/news/post/governor-greg-abbott-renews-hurricane-harvey-disaster-declaration,EID_0732,Governor
https://gov.texas.gov/news/post/governor-greg-abbott-renews-covid-19-disaster-declaration,EID_0733,Governor
https://gov.texas.gov/news/post/governor-abbott-extends-disaster-declaration,EID_0734,Governor
https://gov.texas.gov/news/post/governor-abbott-extends-disaster-declaration-in-june-2020-for-texas-counties-affected-by-hurricane-harvey,EID_0735,Governor
https://gov.texas.gov/news/post/governor-abbott-extends-disaster-declaration-in-may-2020-amid-covid-19-pandemic,EID_0736,Governor
https://gov.texas.gov/news/post/governor-abbott-extended-the-disaster-declaration-in-may-2020-for-texas-counties-affected-by-hurricane-harvey,EID_0737,Governor
https://gov.texas.gov/news/post/governor-abbott-extended-the-disaster-declaration-in-april-2020-for-texas-counties-affected-by-hurricane-harvey,EID_0738,Governor
https://gov.texas.gov/news/post/governor-abbott-extends-disaster-declaration-for-covid-192,EID_0739,Governor
https://gov.texas.gov/news/post/dr-john-hellerstedt-issues-public-health-disaster-declaration-in-texas,EID_0740,Governor
https://gov.texas.gov/news/post/governor-abbott-extended-the-disaster-declaration-in-february-2020-for-texas-counties-affected-by-hurricane-harvey,EID_0741,Governor
https://gov.texas.gov/news/post/governor-abbott-extended-the-disaster-declaration-in-january-2020-for-texas-counties-affected-by-hurricane-harvey,EID_0742,Governor
https://gov.texas.gov/news/post/governor-abbott-extended-the-disaster-declaration-in-december-2019-for-texas-counties-affected-by-hurricane-harvey,EID_0743,Governor
https://gov.texas.gov/news/post/governor-abbott-extended-the-disaster-declaration-in-november-2019-for-texas-counties-affected-by-hurricane-harvey,EID_0744,Governor
https://gov.texas.gov/news/post/governor-abbott-extended-the-disaster-declaration-in-october-2019-for-texas-counties-affected-by-hurricane-harvey,EID_0745,Governor
https://gov.texas.gov/news/post/governor-abbott-issues-disaster-declaration-after-severe-weather-hits-north-texas,EID_0746,Governor
https://gov.texas.gov/news/post/governor-greg-abbott-extended-the-state-disaster-declaration-in-september-2019-for-texas-counties-affected-by-hurricane-harvey,EID_0747,Governor
https://gov.texas.gov/news/post/governor-greg-abbott-extended-the-state-disaster-declaration-in-june-2019-for-texas-counties-affected-by-hurricane-harvey,EID_0748,Governor
https://gov.texas.gov/news/post/governor-greg-abbott-extended-the-state-disaster-declaration-in-may-2019-for-texas-counties-affected-by-hurricane-harvey,EID_0749,Governor
https://gov.texas.gov/news/post/governor-abbott-issues-disaster-declaration-for-9-texas-counties-in-response-to-severe-weather,EID_0750,Governor
https://gov.texas.gov/news/post/governor-greg-abbott-extended-the-state-disaster-declaration-in-april-2019-for-texas-counties-affected-by-hurricane-harvey,EID_0751,Governor
https://gov.texas.gov/news/post/governor-greg-abbott-extended-the-state-disaster-declaration-in-march-2019-for-texas-counties-affected-by-hurricane-harvey,EID_0752,Governor
https://gov.texas.gov/news/post/governor-greg-abbott-extended-the-state-disaster-declaration-in-february-for-texas-counties-affected-by-hurricane-harvey,EID_0753,Governor
https://gov.texas.gov/news/post/governor-greg-abbott-extended-the-state-disaster-declaration-in-january-for-texas-counties-affected-by-hurricane-harvey,EID_0754,Governor
https://gov.texas.gov/news/post/governor-greg-abbott-extended-the-state-disaster-declaration-in-december-for-texas-counties-affected-by-hurricane-harvey,EID_0755,Governor
https://gov.texas.gov/news/post/governor-greg-abbott-extended-the-state-disaster-declaration-in-november-for-texas-counties-affected-by-hurricane-harvey,EID_0756,Governor
https://gov.texas.gov/news/post/governor-abbott-expands-state-disaster-declaration-for-additional-texas-counties,EID_0757,Governor
https://gov.texas.gov/news/post/governor-abbott-issues-disaster-declaration-for-an-additional-36-texas-counties-in-response-to-severe-weather-and-flooding,EID_0758,Governor
https://gov.texas.gov/news/post/governor-abbott-issues-disaster-declaration-for-18-texas-counties-in-response-to-severe-weather-and-flooding,EID_0759,Governor
https://gov.texas.gov/news/post/governor-greg-abbott-issues-disaster-declaration-in-response-to-severe-weather-and-flooding-in-north-texas,EID_0799,Governor
https://gov.texas.gov/news/post/governor-greg-abbott-issues-disaster-declaration-in-response-to-approaching-tropical-disturbance,EID_0760,Governor
https://gov.texas.gov/news/post/governor-greg-abbott-extendeds-the-state-disaster-declaration-in-september-for-texas-counties-affected-by-hurricane-harvey,EID_0761,Governor
https://gov.texas.gov/news/post/governor-greg-abbott-extendeds-the-state-disaster-declaration-for-texas-counties-affected-by-hurricane-harvey,EID_0762,Governor
https://gov.texas.gov/news/post/governor-abbott-issues-disaster-declaration-in-response-to-severe-weather-and-flooding,EID_0763,Governor
https://gov.texas.gov/news/post/governor-greg-abbott-again-extends-disaster-proclamation-for-texas-counties-impacted-by-hurricane-harvey,EID_0764,Governor
https://gov.texas.gov/news/post/governor-abbott-adds-additional-counties-to-disaster-declaration-in-response-drought-conditions-across-texas,EID_0765,Governor
https://gov.texas.gov/news/post/governor-greg-abbott-again-declares-disaster-proclamation-extension-for-texas-counties-impacted-by-hurricane-harvey,EID_0766,Governor
https://gov.texas.gov/news/post/governor-abbott-issues-disaster-declaration-in-response-drought-conditions-across-texas,EID_0767,Governor
https://gov.texas.gov/news/post/governor-abbott-again-declares-disaster-proclamation-extension-for-texas-counties-impacted-by-hurricane-harvey,EID_0768,Governor
https://gov.texas.gov/news/post/governor-abbott-declares-disaster-proclamation-extension-for-texas-counties-impacted-by-hurricane-harvey,EID_0769,Governor
https://gov.texas.gov/news/post/governor-greg-abbott-again-extends-disaster-declaration-for-texas-counties-,EID_0770,Governor
https://gov.texas.gov/news/post/governor-abbott-extends-disaster-proclamation-for-60-texas-counties,EID_0771,Governor
https://gov.texas.gov/news/post/governor-abbott-renews-state-disaster-declaration-for-60-texas-counties-aff,EID_0772,Governor
https://gov.texas.gov/news/post/governor-abbott-extends-disaster-declaration-for-texas-counties-impacted-by,EID_0773,Governor
https://gov.texas.gov/news/post/governor-abbott-adds-counties-and-extends-his-disaster-proclamation,EID_0774,Governor
https://gov.texas.gov/news/post/governor-abbott-again-adds-additional-counties-for-hurricane-harvey-disaste,EID_0775,Governor
https://gov.texas.gov/news/post/governor-abbott-adds-additional-counties-for-hurricane-harvey-disaster-decl,EID_0776,Governor
https://gov.texas.gov/news/post/governor-abbott-requests-additional-counties-for-hurricane-harvey-disaster-declaration,EID_0777,Governor
https://gov.texas.gov/news/post/governor-abbott-requests-presidential-disaster-declaration-in-anticipation-,EID_0778,Governor
https://gov.texas.gov/news/post/Disaster-Proclamation-Issued-For-30-Texas-Counties-in-Anticipation-Of-Tropical-Depression-Harvey-Making-Landfall,EID_0779,Governor
https://gov.texas.gov/news/post/disaster-proclamation-issued-for-three-texas-counties-following-severe-weat,EID_0780,Governor
https://gov.texas.gov/news/post/disaster_proclamation_issued_for_six_texas_panhandle_counties,EID_0781,Governor
https://gov.texas.gov/news/post/Disaster_Declaration_Issued_For_Atascosa_and_Wilson_Counties,EID_0782,Governor
https://gov.texas.gov/news/post/fifteen_counties_added_to_disaster_proclamation_issued_for_texas_flooding,EID_0783,Governor
https://gov.texas.gov/news/post/disaster_proclamation_issued_for_texas_flooding,EID_0784,Governor
https://gov.texas.gov/news/post/counties_added_to_disaster_proclamation_issued_for_southeast_texas_flooding,EID_0785,Governor
https://gov.texas.gov/news/post/Disaster_Proclamation_Issued_For_Southeast_Texas_Flooding,EID_0786,Governor
https://gov.texas.gov/news/post/amended_disaster_proclamation_for_severe_storms_and_flooding_in_march_2016,EID_0787,Governor
https://gov.texas.gov/news/post/disaster_proclamation_for_severe_storms_and_flooding_in_march_2016,EID_0788,Governor
https://gov.texas.gov/news/post/disaster_proclamation_issued_for_cameron_county,EID_0789,Governor
https://gov.texas.gov/news/post/renewal_disaster_proclamation_issued_for_north_texas_storms_and_tornados,EID_0790,Governor
https://gov.texas.gov/news/post/disaster_proclamation_issued_for_north_texas_storms_and_tornados_adding_wic,EID_0791,Governor
https://gov.texas.gov/news/post/disaster_proclamation_issued_for_north_texas_storms_and_tornados,EID_0792,Governor
https://gov.texas.gov/news/post/disaster_proclamation_issued_for_october_severe_storms,EID_0793,Governor
https://gov.texas.gov/news/post/governor_abbott_again_adds_additional_counties_to_disaster_declaration,EID_0794,Governor
https://gov.texas.gov/news/post/governor_abbott_again_adds_counties_to_disaster_declaration,EID_0795,Governor
https://gov.texas.gov/news/post/Governor_Abbott_Adds_Counties_To_Disaster_Declaration,EID_0796,Governor
https://gov.texas.gov/news/post/governor_abbott_again_adds_to_disaster_declaration,EID_0797,Governor
https://gov.texas.gov/news/post/governor_abbott_adds_to_disaster_declaration,EID_0798,Governor
TX-20083,EID_0801,SBA
TX-20081,EID_0001,SBA
OK-20038,EID_0802,SBA
NM-20024,EID_0803,SBA
TX-20088,EID_0804,SBA
NM-20028,EID_0805,SBA
LA-20022,EID_0806,SBA
LA-20020,EID_0807,SBA
TX-20087,EID_0808,SBA
TX-20086,EID_0809,SBA
NM-20026,EID_0810,SBA
TX-20082,EID_0811,SBA
TX-20084,EID_0812,SBA
LA-20016,EID_0813,SBA
AR-20040,EID_0814,SBA
TX-20080,EID_0815,SBA
OK-20035,EID_0816,SBA
LA-20012,EID_0817,SBA
LA-20015,EID_0818,SBA
TX-20068,EID_0819,SBA
OK-20034,EID_0820,SBA
OK-20033,EID_0821,SBA
TX-20067,EID_0822,SBA
TX-20077,EID_0823,SBA
AR-20038,EID_0824,SBA
NM-20022,EID_0825,SBA
TX-20076,EID_0826,SBA
TX-20073,EID_0827,SBA
TX-20072,EID_0828,SBA
TX-20074,EID_0829,SBA
TX-20071,EID_0830,SBA
TX-20070,EID_0831,SBA
TX-20069,EID_0832,SBA
TX-20075,EID_0002,SBA
5675,EID_0392,FEMA
3649,EID_0393,FEMA
4935,EID_0394,FEMA
5634,EID_0395,FEMA
5633,EID_0396,FEMA
5625,EID_0397,FEMA
5619,EID_0003,FEMA
4879,EID_0004,FEMA
4871,EID_0398,FEMA
5573,EID_0399,FEMA
5571,EID_0400,FEMA
5570,EID_0401,FEMA
5555,EID_0402,FEMA
5552,EID_0403,FEMA
5553,EID_0005,FEMA
4798,EID_0006,FEMA
4781,EID_0007,FEMA
5488,EID_0008,FEMA
5487,EID_0404,FEMA
4705,EID_0405,FEMA
5444,EID_0406,FEMA
5443,EID_0407,FEMA
5440,EID_0408,FEMA
5429,EID_0409,FEMA
5428,EID_0410,FEMA
5427,EID_0411,FEMA
5422,EID_0412,FEMA
5420,EID_0413,FEMA
4586,EID_0414,FEMA
3554,EID_0415,FEMA
3540,EID_0009,FEMA
4572,EID_0416,FEMA
3530,EID_0417,FEMA
4485,EID_0418,FEMA
